{"name":"Flag Quiz","short_name":"FlagQuiz","description":"A German flag quiz game with timer and score tracking. Test your geography knowledge!","start_url":"/quiz-game/","display":"standalone","background_color":"#0b1020","theme_color":"#0b1020","icons":[{"src":"icon-192.png","sizes":"192x192","type":"image/png","purpose":"any maskable"},{"src":"icon-512.png","sizes":"512x512","type":"image/png","purpose":"any maskable"}],"screenshots":[{"src":"screenshot-home.png","sizes":"1280x800","type":"image/png","form_factor":"wide"},{"src":"screenshot-question.png","sizes":"1280x800","type":"image/png","form_factor":"wide"},{"src":"screenshot-score.png","sizes":"1280x800","type":"image/png","form_factor":"wide"}]}